"country","total_aqi","avg_cases","log_avg_cases"
"Afghanistan",45,4280.78571428571,3.63162492885474
"Albania",160,276.5,2.4432629874587
"Algeria",49,322.785714285714,2.51025768338045
"Antigua and Barbuda",78,2.5,0.544068044350276
"Argentina",31,657.181818181818,2.81834588103892
"Armenia",37,312.857142857143,2.49673201690625
"Australia",41,116.769230769231,2.07103183839142
"Austria",45,140.214285714286,2.14987863363543
"Azerbaijan",151,2645.21428571429,3.42262500966823
"Bahamas",81,2.42857142857143,0.535113201697349
"Bahrain",76,530.5,2.72550326885932
"Bangladesh",55,5798.92857142857,3.76342264507579
"Barbados",42,16.8181818181818,1.25086338619825
"Belarus",73,411.785714285714,2.61572465878815
"Belgium",55,176.6,2.24944296144258
"Belize",33,38.5454545454545,1.59709657179641
"Benin",13,673.285714285714,2.82884395861983
"Bhutan",75,178.538461538462,2.25415749940251
"Bolivia (Plurinational State of)",136,184.272727272727,2.26781149451218
"Bosnia and Herzegovina",166,433.25,2.63773982711914
"Botswana",23,295.428571428571,2.47192006103385
"Brazil",23,10345,4.01477247407306
"Brunei Darussalam",11,18.0714285714286,1.28038322568634
"Bulgaria",64,133.307692307692,2.12810088706271
"Burkina Faso",41,1604.85714285714,3.2057069077992
"Burundi",8,696.214285714286,2.84336627709447
"Cambodia",60,1203.71428571429,3.08088406031285
"Cameroon",15,2433.28571428571,3.38637155041642
"Canada",182,318.625,2.50464074103439
"Central African Republic",3,934,2.97081161087252
"Chad",135,1213.64285714286,3.0844486005905
"Chile",30,310.909090909091,2.49402803289795
"China",101,52377.1428571429,4.71915009582282
"Colombia",81,2109.72727272727,3.32443212170114
"Comoros",20,50.5384615384615,1.71213145039399
"Congo",10,493.142857142857,2.6938525220001
"Cook Islands",25,0,0
"Costa Rica",33,70.3636363636364,1.85347697158703
"Croatia",87,32.1666666666667,1.52070182602606
"Cuba",58,1586.08333333333,3.20059973094934
"Cyprus",199,6.41666666666667,0.870208760597288
"Czechia",95,145.916666666667,2.1670710662517
"Côte d'Ivoire",13,2918.71428571429,3.46534035480159
"Democratic People's Republic of Korea",178,291.642857142857,2.4663379282749
"Democratic Republic of the Congo",10,8243.85714285714,3.91618313510409
"Denmark",195,8.16666666666667,0.9622114391106
"Djibouti",31,84,1.92941892571429
"Dominican Republic",48,163.545454545455,2.21628588971096
"Ecuador",30,419.166666666667,2.6234215952928
"El Salvador",64,410.454545454545,2.61432186446048
"Equatorial Guinea",15,328,2.51719589794997
"Estonia",109,113.428571428571,2.05853447606998
"Eswatini",30,86.7857142857143,1.94342384720822
"Ethiopia",53,10985.2142857143,4.04084806566619
"Fiji",15,172,2.2380461031288
"Finland",74,4.78571428571429,0.762356983200412
"France",147,693.928571428571,2.8419401677144
"Gabon",22,507.571428571429,2.70635195795862
"Gambia",103,106.785714285714,2.03256120409735
"Georgia",42,1512,3.17983892802319
"Germany",68,588.571428571429,2.77053642886316
"Ghana",14,2186.71428571429,3.33999060274366
"Greece",151,290.75,2.46501086471741
"Guatemala",89,209.363636363636,2.32297066945751
"Guinea",147,744.5,2.87244764778901
"Guinea-Bissau",128,128.333333333333,2.11171047087454
"Guyana",21,29.7,1.48713837547719
"Haiti",43,167.727272727273,2.22718528672462
"Honduras",57,204.090909090909,2.31194641015308
"Hungary",52,40.1538461538462,1.61441042971439
"India",99,71134.25,4.85208486214774
"Indonesia",35,12623.2142857143,4.1012043577216
"Iran (Islamic Republic of)",54,5490.92857142857,3.73972488012405
"Iraq",116,4388.92857142857,3.64245745388978
"Ireland",145,55.2857142857143,1.75039818181132
"Israel",121,372.333333333333,2.57209676795052
"Italy",160,1406.57142857143,3.14847044277547
"Jamaica",40,107.909090909091,2.03706413289507
"Japan",169,1374.14285714286,3.13834781732708
"Jordan",134,250.142857142857,2.3999208307235
"Kenya",14,1467.42857142857,3.16685282604514
"Kiribati",7,0,0
"Kuwait",80,170.538461538462,2.23436151074132
"Kyrgyzstan",151,3069.83333333333,3.48725624614745
"Lao People's Democratic Republic",114,652.785714285714,2.81543542668383
"Lebanon",184,473.357142857143,2.67610544456061
"Lesotho",19,293.428571428571,2.46897995176496
"Liberia",26,1391.5,3.14379520384577
"Libya",141,553.571428571429,2.74395749103809
"Lithuania",101,78.9230769230769,1.90267219525034
"Luxembourg",121,7.90909090909091,0.94983339053427
"Madagascar",8,17073.5,4.23234799490582
"Malawi",13,376.357142857143,2.5767525750087
"Malaysia",22,7183.5,3.85639654911647
"Maldives",12,60.5,1.78887511577542
"Mali",60,846.5,2.92813970687512
"Marshall Islands",4,0,0
"Mauritania",89,160.583333333333,2.20839656303108
"Mexico",98,3533.18181818182,3.54828888829522
"Micronesia (Federated States of)",6,29.2142857142857,1.4802123316968
"Mongolia",137,3925.14285714286,3.59396609784679
"Montenegro",154,36.5384615384615,1.57447646969587
"Morocco",102,628.857142857143,2.79924205881207
"Mozambique",38,1748.42857142857,3.24289621508546
"Myanmar",62,1291.5,3.11143055176598
"Namibia",34,515.071428571429,2.71270981575035
"Nauru",5,0,0
"Nepal",156,1373.21428571429,3.13805445895866
"Netherlands (Kingdom of the)",105,272,2.43616264704076
"New Zealand",46,300.428571428571,2.47918441528344
"Nicaragua",32,209.181818181818,2.32259514459027
"Nigeria",13,20825.9285714286,4.31862522756496
"Niue",20,0,0
"Norway",141,6.23076923076923,0.859184501292862
"Oman",85,1137.14285714286,3.05619677715131
"Pakistan",83,17706.7857142857,4.2481642578479
"Palau",35,0,0
"Panama",40,57.7272727272727,1.76883983283686
"Peru",34,409.181818181818,2.61297640581706
"Philippines",49,12575.5714285714,4.09956226172948
"Poland",42,30,1.49136169383427
"Portugal",200,99.7142857142857,2.00309107697714
"Qatar",114,217.714285714286,2.339877150684
"Republic of Moldova",100,118.7,2.07809415040641
"Romania",122,5422.78571428571,3.73430252286829
"Russian Federation",140,6473.85714285714,3.81123019086089
"Rwanda",58,895.142857142857,2.95237724752308
"Saint Lucia",44,8,0.954242509439325
"Saint Vincent and the Grenadines",44,2.25,0.511883360978874
"Saudi Arabia",132,1618.21428571429,3.20930432679231
"Senegal",83,880.5,2.94522231663534
"Serbia",48,264.833333333333,2.42460943700956
"Sierra Leone",118,184.357142857143,2.26800932650624
"Singapore",12,117.928571428571,2.0752862021641
"Slovakia",65,70.2857142857143,1.85300250560913
"Slovenia",90,13.75,1.16879202031418
"Somalia",19,1105.5,3.04395141826328
"South Africa",35,5223.64285714286,3.71805660856811
"South Sudan",8,1087.91666666667,3.03699464505272
"Spain",57,314.928571428571,2.49958890369137
"Sri Lanka",13,940.857142857143,2.97398503572945
"Sudan",156,4073,3.61002102466415
"Sweden",132,25.0769230769231,1.41625634589625
"Switzerland",79,212.142857142857,2.32867078312239
"Syrian Arab Republic",32,934.5,2.97104379183603
"Tajikistan",49,579.307692307692,2.76365832742244
"Thailand",61,3202.92857142857,3.50568282533348
"Timor-Leste",16,132.285714285714,2.12478360373224
"Togo",13,544.071428571429,2.73645341787621
"Trinidad and Tobago",30,15.4285714285714,1.21559980033935
"Tunisia",57,738.357142857143,2.86885427290724
"Turkmenistan",47,89.8181818181818,1.95817280306776
"Tuvalu",6,0,0
"Türkiye",33,3582.71428571429,3.5543333779198
"Uganda",16,1720.35714285714,3.23587098600483
"Ukraine",112,391.5,2.59383966108127
"United Arab Emirates",141,648.357142857143,2.81248362208664
"United Kingdom of Great Britain and Northern Ireland",154,800.928571428571,2.90413568696756
"United Republic of Tanzania",6,2125.21428571429,3.32760703178348
"Uzbekistan",160,942.25,2.97462681387303
"Viet Nam",45,3353.78571428571,3.52566478498925
"Yemen",57,12868.7142857143,4.10956890545023
"Zambia",13,550.428571428571,2.7414892646575
"Zimbabwe",17,1043.78571428571,3.01902722571383
